{
"Valkyrie": {
"win_ratio": -0.012375661576774598,
"defense": 0.0011928567499035348,
"perf": 0.0060750508482666455,
"attack": 0.0011629452195729658,
"level_bonus": 0.04535468121094138
},
"Bomber": {
"win_ratio": -0.0018545353291156163,
"defense": 0.0009830405227493895,
"perf": 0.0036538151202378964,
"attack": 0.0028189154974312815,
"level_bonus": 0.04589988924984459
},
"Dark Prince": {
"win_ratio": 0.013075154843390033,
"defense": -0.002455483038911258,
"perf": 0.013099285291126582,
"attack": 0.00973624738189603,
"level_bonus": 0.07837867287500584
},
"Wizard": {
"win_ratio": -0.013461735355152923,
"defense": 0.0013173565516588158,
"perf": 0.005750014447068182,
"attack": 0.0019144873779095998,
"level_bonus": 0.03527905462781955
},
"Lightning": {
"win_ratio": 0.023550921030510846,
"defense": 0.009455654078683437,
"perf": 0.027567045676907122,
"attack": 0.008062321113109004,
"level_bonus": 0.022945086718139267
},
"Bomb Tower": {
"win_ratio": 0.0017564622207161475,
"defense": -0.005093968959285883,
"perf": 0.0018819331587789573,
"attack": -0.0009520829812244081,
"level_bonus": 0.020220512107022196
},
"Rage": {
"win_ratio": -0.004166140006637517,
"defense": 0.018830090141820792,
"perf": 0.00718194744856223,
"attack": 0.020422226798172915,
"level_bonus": 0.06806710022832693
},
"Heal": {
"win_ratio": -0.009781447946914986,
"defense": 0.0082643140697837,
"perf": 0.008233120720246016,
"attack": 0.008496592500102028,
"level_bonus": 0.07193119726124547
},
"Electro Wizard": {
"win_ratio": 0.015776886565767166,
"defense": -0.0062072222541575345,
"perf": 0.07136893370222541,
"attack": 0.015838792810009474,
"level_bonus": 0.15644885832513444
},
"Inferno Tower": {
"win_ratio": 0.010461386240419113,
"defense": -0.0007514624084510096,
"perf": 0.019332621248261735,
"attack": -0.0014003357535354074,
"level_bonus": 0.04807400778559468
},
"Mini P.E.K.K.A": {
"win_ratio": -0.009895579399612654,
"defense": 0.0004692992813012829,
"perf": 0.0053646273769366115,
"attack": 0.0008331548198667781,
"level_bonus": 0.05377015955884663
},
"Bats": {
"win_ratio": -0.0028331576981367244,
"defense": 0.0013712198035921172,
"perf": 0.0024886748845017546,
"attack": 0.0018190357977452697,
"level_bonus": 0.039648155692651184
},
"Freeze": {
"win_ratio": 0.006758873208849149,
"defense": 0.008183252788014498,
"perf": 0.013273302352966991,
"attack": 0.014108950442908434,
"level_bonus": 0.07021941701267786
},
"Elite Barbarians": {
"win_ratio": -0.013274302191782038,
"defense": 0.0012969034949429096,
"perf": 0.004480244220659497,
"attack": 0.001166499342881943,
"level_bonus": 0.03179251782812926
},
"Ice Spirit": {
"win_ratio": -0.02699695473360565,
"defense": 0.01343318718616701,
"perf": 0.021173905341938415,
"attack": 0.002206725194803094,
"level_bonus": 0.07033537751971054
},
"Three Musketeers": {
"win_ratio": -0.03586253933919974,
"defense": 0.004791364966873409,
"perf": -0.00036016871491509485,
"attack": -0.005582154805000599,
"level_bonus": 0.019891650265579548
},
"Guards": {
"win_ratio": -0.001398580115348827,
"defense": -0.001999378881464075,
"perf": 0.008194240170858458,
"attack": 0.004473719175610928,
"level_bonus": 0.05426829666327376
},
"Goblin Hut": {
"win_ratio": -0.00138678182593577,
"defense": -0.0013745552228748984,
"perf": 0.003705908848459334,
"attack": 0.001114286320709511,
"level_bonus": 0.041417251821006536
},
"Princess": {
"win_ratio": 0.06096143395321704,
"defense": 0.0035392066450299605,
"perf": 0.09426237502639916,
"attack": 0.04069408311768808,
"level_bonus": 0.15579810270869973
},
"Witch": {
"win_ratio": -0.010753561984504471,
"defense": -0.0018683089686888435,
"perf": 0.010530640325240162,
"attack": 0.003862652521659442,
"level_bonus": 0.0721554151838617
},
"Barbarian Hut": {
"win_ratio": 0.0008997770997207485,
"defense": -0.005020875317153036,
"perf": 0.004469109595935474,
"attack": 0.00043876934468147644,
"level_bonus": 0.048540966967861206
},
"Arrows": {
"win_ratio": -0.0143749769588829,
"defense": 0.009998057096136884,
"perf": 0.016265738962934623,
"attack": 0.0071415710917867685,
"level_bonus": 0.04619129227959839
},
"Clone": {
"win_ratio": -0.0011576068663001547,
"defense": 0.01445424230302851,
"perf": 0.0012630262334903583,
"attack": 0.013841949227991868,
"level_bonus": 0.01662705993269378
},
"Skeletons": {
"win_ratio": 0.002487664817512354,
"defense": 0.006216709135068167,
"perf": 0.016442522373545928,
"attack": 0.004289541692465219,
"level_bonus": 0.07310227865151976
},
"Inferno Dragon": {
"win_ratio": 0.02532605325186583,
"defense": -0.005929343575458131,
"perf": 0.06283266290631924,
"attack": 0.041609988765655186,
"level_bonus": 0.1760045422287349
},
"Minions": {
"win_ratio": -0.027743243508883266,
"defense": 0.007672933759821034,
"perf": 0.007701124895132533,
"attack": 0.0012440272181966508,
"level_bonus": 0.058861423215108226
},
"Sparky": {
"win_ratio": 0.030217996294005012,
"defense": -0.0115493728376851,
"perf": 0.012439167622782158,
"attack": 0.015876803046305343,
"level_bonus": 0.03301399064690512
},
"Hog Rider": {
"win_ratio": -0.06939672336873869,
"defense": 0.006557728697097621,
"perf": 0.018009565864730594,
"attack": -0.014249421429444714,
"level_bonus": 0.051224815952539846
},
"Golem": {
"win_ratio": 0.017715459248508113,
"defense": 0.014933792254461111,
"perf": 0.016283424260743713,
"attack": 0.022704524208615236,
"level_bonus": 0.039626697214216876
},
"Knight": {
"win_ratio": -0.015308708339195063,
"defense": 0.0073894189817376955,
"perf": 0.020002473027434808,
"attack": 5.896241954722994e-05,
"level_bonus": 0.05924276029778283
},
"Poison": {
"win_ratio": -0.0034904903909984924,
"defense": 0.016957033992652318,
"perf": 0.014741628815040368,
"attack": -0.0004925404814603458,
"level_bonus": 0.04824629706957602
},
"The Log": {
"win_ratio": 0.2386931480844745,
"defense": 0.017187218448903578,
"perf": 0.20470404833053393,
"attack": 0.07422879701968983,
"level_bonus": 0.14653958022819252
},
"Goblin Barrel": {
"win_ratio": 0.01073353001625172,
"defense": 0.007425245098098394,
"perf": 0.027710935867855686,
"attack": 0.015948297067601855,
"level_bonus": 0.09482265227459809
},
"Fire Spirits": {
"win_ratio": -0.012364880796020002,
"defense": 0.001906359066785856,
"perf": 0.005529858425185317,
"attack": 0.0019302610798691828,
"level_bonus": 0.05894579043352139
},
"Battle Ram": {
"win_ratio": -0.05423965342484995,
"defense": 0.017138316294484666,
"perf": 0.0032563370746652447,
"attack": -0.0014409171699337278,
"level_bonus": 0.0554170914609057
},
"Furnace": {
"win_ratio": -0.016139203086316514,
"defense": -0.0017140354461994444,
"perf": 0.00667723078333807,
"attack": -8.436212917748952e-05,
"level_bonus": 0.0472753776918228
},
"Tesla": {
"win_ratio": -0.0008779465172559459,
"defense": -0.002026081254662528,
"perf": 0.0035255744922174613,
"attack": 0.0004657990134066545,
"level_bonus": 0.04971407662459064
},
"X-Bow": {
"win_ratio": 0.0026204293775601577,
"defense": -0.00011923910429413809,
"perf": 0.008146862140107772,
"attack": 0.011954520939659647,
"level_bonus": 0.05400596056170967
},
"Mortar": {
"win_ratio": -0.004233923193354991,
"defense": -0.0035060013354711633,
"perf": 0.0063925888274942895,
"attack": -0.00023331380066095853,
"level_bonus": 0.049270579812488835
},
"Tornado": {
"win_ratio": 0.07283997947776372,
"defense": -0.001539369001871415,
"perf": 0.053563681294221024,
"attack": 0.0023086465476426852,
"level_bonus": 0.09050789580794116
},
"Giant Skeleton": {
"win_ratio": 0.0008215474153086232,
"defense": -0.005979272638946402,
"perf": 0.0062254703623594535,
"attack": 0.0032787998656641604,
"level_bonus": 0.03933024476095538
},
"Royal Giant": {
"win_ratio": -0.009227304117134858,
"defense": 0.002332195799219768,
"perf": 0.0019408040098450104,